{
    "prepare_queue": {
        "installed": [],
        "uninstalled": []
    },
    "config_munge": {
        "files": {
            "config.xml": {
                "parents": {
                    "/*": [
                        {
                            "xml": "<feature name=\"StatusBar\"><param name=\"ios-package\" value=\"CDVStatusBar\" /><param name=\"onload\" value=\"true\" /></feature>",
                            "count": 1
                        },
                        {
                            "xml": "<preference name=\"StatusBarOverlaysWebView\" value=\"true\" />",
                            "count": 1
                        },
                        {
                            "xml": "<preference name=\"StatusBarStyle\" value=\"lightcontent\" />",
                            "count": 1
                        },
                        {
                            "xml": "<feature name=\"BarcodeScanner\"><param name=\"ios-package\" value=\"CDVBarcodeScanner\" /></feature>",
                            "count": 1
                        }
                    ]
                }
            },
            "*-Info.plist": {
                "parents": {
                    "NSCameraUsageDescription": [
                        {
                            "xml": "<string> </string>",
                            "count": 1
                        }
                    ]
                }
            }
        }
    },
    "installed_plugins": {
        "cordova-plugin-whitelist": {
            "PACKAGE_NAME": "com.marcosalexandrebj.waitressapp"
        },
        "cordova-plugin-statusbar": {
            "PACKAGE_NAME": "com.marcosalexandrebj.waitressapp"
        },
        "phonegap-plugin-barcodescanner": {
            "CAMERA_USAGE_DESCRIPTION": " ",
            "PACKAGE_NAME": "com.marcosalexandrebj.waitressapp"
        }
    },
    "dependent_plugins": {},
    "modules": [
        {
            "id": "cordova-plugin-statusbar.statusbar",
            "file": "plugins/cordova-plugin-statusbar/www/statusbar.js",
            "pluginId": "cordova-plugin-statusbar",
            "clobbers": [
                "window.StatusBar"
            ]
        },
        {
            "id": "phonegap-plugin-barcodescanner.BarcodeScanner",
            "file": "plugins/phonegap-plugin-barcodescanner/www/barcodescanner.js",
            "pluginId": "phonegap-plugin-barcodescanner",
            "clobbers": [
                "cordova.plugins.barcodeScanner"
            ]
        }
    ],
    "plugin_metadata": {
        "cordova-plugin-whitelist": "1.3.1",
        "cordova-plugin-statusbar": "2.2.2",
        "phonegap-plugin-barcodescanner": "6.0.5"
    }
}